,video_name,picture_num,sub,age,gender,race/ethnicity,condition,order,picture,category,valence,rating_psych_summer,included_in_psych_summer,HMM,BEJ
1,Emotionese_210420_01,1,1,18.71,male,Asian,baby only,baby,bubbles,excitement,positive,NA,NA,3,4
2,Emotionese_210420_01,10,1,18.71,male,Asian,baby only,baby,broken_toy,sadness,negative,NA,NA,0,1
3,Emotionese_210420_01,11,1,18.71,male,Asian,baby only,baby,delicious_food,craving,positive,NA,NA,3,3
4,Emotionese_210420_01,12,1,18.71,male,Asian,baby only,baby,spoiled_food,disgust,negative,NA,NA,0,-2
5,Emotionese_210420_01,2,1,18.71,male,Asian,baby only,baby,flame,fear,negative,NA,NA,1,2
6,Emotionese_210420_01,3,1,18.71,male,Asian,baby only,baby,stuffed_animal,affection,positive,NA,NA,2,-1
7,Emotionese_210420_01,4,1,18.71,male,Asian,baby only,baby,spoiled_food,disgust,negative,NA,NA,1,-1
8,Emotionese_210420_01,5,1,18.71,male,Asian,baby only,baby,bubbles,excitement,positive,NA,NA,0,1
9,Emotionese_210420_01,6,1,18.71,male,Asian,baby only,baby,broken_toy,sadness,negative,NA,NA,0,-1
10,Emotionese_210420_01,7,1,18.71,male,Asian,baby only,baby,delicious_food,craving,positive,NA,NA,1,-2
11,Emotionese_210420_01,8,1,18.71,male,Asian,baby only,baby,skeleton,fear,negative,NA,NA,3,2
12,Emotionese_210420_01,9,1,18.71,male,Asian,baby only,baby,stuffed_animal,affection,positive,NA,NA,2,3
13,Emotionese_210422_01,1,2,11.58,male,White,baby only,baby,bubbles,excitement,positive,NA,NA,3,3
14,Emotionese_210422_01,2,2,11.58,male,White,baby only,baby,flame,fear,negative,NA,NA,2,2
15,Emotionese_210422_01,3,2,11.58,male,White,baby only,baby,stuffed_animal,affection,positive,NA,NA,3,2
16,Emotionese_210422_01,4,2,11.58,male,White,baby only,baby,spoiled_food,disgust,negative,NA,NA,-4,3
17,Emotionese_210422_01,5,2,11.58,male,White,baby only,baby,bubbles,excitement,positive,NA,NA,1,1
18,Emotionese_210422_01,6,2,11.58,male,White,baby only,baby,broken_toy,sadness,negative,NA,NA,-1,1
19,Emotionese_210422_01,7,2,11.58,male,White,baby only,baby,delicious_food,craving,positive,NA,NA,0,2
20,Emotionese_210422_02,1,3,14.35,female,White,baby only,baby,bubbles,excitement,positive,NA,NA,1,1
21,Emotionese_210422_02,10,3,14.35,female,White,baby only,baby,broken_toy,sadness,negative,NA,NA,0,2
22,Emotionese_210422_02,11,3,14.35,female,White,baby only,baby,delicious_food,craving,positive,NA,NA,0,1
23,Emotionese_210422_02,12,3,14.35,female,White,baby only,baby,spoiled_food,disgust,negative,NA,NA,1,-1
24,Emotionese_210422_02,2,3,14.35,female,White,baby only,baby,flame,fear,negative,NA,NA,0,-1
25,Emotionese_210422_02,3,3,14.35,female,White,baby only,baby,stuffed_animal,affection,positive,NA,NA,0,-1
26,Emotionese_210422_02,4,3,14.35,female,White,baby only,baby,spoiled_food,disgust,negative,NA,NA,0,0
27,Emotionese_210422_02,5,3,14.35,female,White,baby only,baby,bubbles,excitement,positive,NA,NA,0,-1
28,Emotionese_210422_02,6,3,14.35,female,White,baby only,baby,broken_toy,sadness,negative,NA,NA,0,0
29,Emotionese_210422_02,7,3,14.35,female,White,baby only,baby,delicious_food,craving,positive,NA,NA,0,-1
30,Emotionese_210422_02,8,3,14.35,female,White,baby only,baby,skeleton,fear,negative,NA,NA,0,1
31,Emotionese_210422_02,9,3,14.35,female,White,baby only,baby,stuffed_animal,affection,positive,NA,NA,1,1
32,Emotionese_210426_01,1,4,10.48,male,"Asian, White",baby only,baby,bubbles,excitement,positive,NA,NA,0,-2
33,Emotionese_210426_01,10,4,10.48,male,"Asian, White",baby only,baby,broken_toy,sadness,negative,NA,NA,0,-1
34,Emotionese_210426_01,11,4,10.48,male,"Asian, White",baby only,baby,delicious_food,craving,positive,NA,NA,0,-1
35,Emotionese_210426_01,12,4,10.48,male,"Asian, White",baby only,baby,spoiled_food,disgust,negative,NA,NA,-1,-1
36,Emotionese_210426_01,2,4,10.48,male,"Asian, White",baby only,baby,flame,fear,negative,NA,NA,0,-2
37,Emotionese_210426_01,3,4,10.48,male,"Asian, White",baby only,baby,stuffed_animal,affection,positive,NA,NA,0,-1
38,Emotionese_210426_01,4,4,10.48,male,"Asian, White",baby only,baby,spoiled_food,disgust,negative,NA,NA,-3,-2
39,Emotionese_210426_01,5,4,10.48,male,"Asian, White",baby only,baby,bubbles,excitement,positive,NA,NA,0,-1
40,Emotionese_210426_01,6,4,10.48,male,"Asian, White",baby only,baby,broken_toy,sadness,negative,NA,NA,-1,-3
41,Emotionese_210426_01,7,4,10.48,male,"Asian, White",baby only,baby,delicious_food,craving,positive,NA,NA,0,0
42,Emotionese_210426_01,8,4,10.48,male,"Asian, White",baby only,baby,skeleton,fear,negative,NA,NA,0,-1
43,Emotionese_210426_01,9,4,10.48,male,"Asian, White",baby only,baby,stuffed_animal,affection,positive,NA,NA,0,-2
44,Emotionese_210426_02,1,5,18,male,White,baby only,baby,bubbles,excitement,positive,NA,NA,3,2
45,Emotionese_210426_02,10,5,18,male,White,baby only,baby,broken_toy,sadness,negative,NA,NA,0,-2
46,Emotionese_210426_02,11,5,18,male,White,baby only,baby,delicious_food,craving,positive,NA,NA,0,-1
47,Emotionese_210426_02,12,5,18,male,White,baby only,baby,spoiled_food,disgust,negative,NA,NA,0,-1
48,Emotionese_210426_02,2,5,18,male,White,baby only,baby,flame,fear,negative,NA,NA,1,1
49,Emotionese_210426_02,3,5,18,male,White,baby only,baby,stuffed_animal,affection,positive,NA,NA,2,2
50,Emotionese_210426_02,4,5,18,male,White,baby only,baby,spoiled_food,disgust,negative,NA,NA,1,2
51,Emotionese_210426_02,5,5,18,male,White,baby only,baby,bubbles,excitement,positive,NA,NA,0,-1
52,Emotionese_210426_02,6,5,18,male,White,baby only,baby,broken_toy,sadness,negative,NA,NA,1,1
53,Emotionese_210426_02,7,5,18,male,White,baby only,baby,delicious_food,craving,positive,NA,NA,2,1
54,Emotionese_210426_02,8,5,18,male,White,baby only,baby,skeleton,fear,negative,NA,NA,2,2
55,Emotionese_210426_02,9,5,18,male,White,baby only,baby,stuffed_animal,affection,positive,NA,NA,0,0
56,Emotionese_210427_01,1,6,20.45,female,White,baby only,baby,bubbles,excitement,positive,NA,NA,2,3
57,Emotionese_210427_01,10,6,20.45,female,White,baby only,baby,broken_toy,sadness,negative,NA,NA,0,-2
58,Emotionese_210427_01,11,6,20.45,female,White,baby only,baby,delicious_food,craving,positive,NA,NA,2,3
59,Emotionese_210427_01,12,6,20.45,female,White,baby only,baby,spoiled_food,disgust,negative,NA,NA,0,1
60,Emotionese_210427_01,2,6,20.45,female,White,baby only,baby,flame,fear,negative,NA,NA,0,-1
61,Emotionese_210427_01,3,6,20.45,female,White,baby only,baby,stuffed_animal,affection,positive,NA,NA,0,-1
62,Emotionese_210427_01,4,6,20.45,female,White,baby only,baby,spoiled_food,disgust,negative,NA,NA,0,-3
63,Emotionese_210427_01,5,6,20.45,female,White,baby only,baby,bubbles,excitement,positive,NA,NA,1,2
64,Emotionese_210427_01,6,6,20.45,female,White,baby only,baby,broken_toy,sadness,negative,NA,NA,0,-1
65,Emotionese_210427_01,7,6,20.45,female,White,baby only,baby,delicious_food,craving,positive,NA,NA,2,2
66,Emotionese_210427_01,8,6,20.45,female,White,baby only,baby,skeleton,fear,negative,NA,NA,0,1
67,Emotionese_210427_01,9,6,20.45,female,White,baby only,baby,stuffed_animal,affection,positive,NA,NA,1,-1
68,Emotionese_210504_01,1,7,17.42,male,Hispanic/LatinX; White,baby only,baby,bubbles,excitement,positive,NA,NA,2,2
69,Emotionese_210504_01,10,7,17.42,male,Hispanic/LatinX; White,baby only,baby,broken_toy,sadness,negative,NA,NA,0,1
70,Emotionese_210504_01,11,7,17.42,male,Hispanic/LatinX; White,baby only,baby,delicious_food,craving,positive,NA,NA,3,1
71,Emotionese_210504_01,12,7,17.42,male,Hispanic/LatinX; White,baby only,baby,spoiled_food,disgust,negative,NA,NA,-4,-3
72,Emotionese_210504_01,2,7,17.42,male,Hispanic/LatinX; White,baby only,baby,flame,fear,negative,NA,NA,1,3
73,Emotionese_210504_01,3,7,17.42,male,Hispanic/LatinX; White,baby only,baby,stuffed_animal,affection,positive,NA,NA,3,3
74,Emotionese_210504_01,4,7,17.42,male,Hispanic/LatinX; White,baby only,baby,spoiled_food,disgust,negative,NA,NA,4,2
75,Emotionese_210504_01,5,7,17.42,male,Hispanic/LatinX; White,baby only,baby,bubbles,excitement,positive,NA,NA,2,-1
76,Emotionese_210504_01,6,7,17.42,male,Hispanic/LatinX; White,baby only,baby,broken_toy,sadness,negative,NA,NA,-1,-3
77,Emotionese_210504_01,7,7,17.42,male,Hispanic/LatinX; White,baby only,baby,delicious_food,craving,positive,NA,NA,2,-4
78,Emotionese_210504_01,8,7,17.42,male,Hispanic/LatinX; White,baby only,baby,skeleton,fear,negative,NA,NA,1,-2
79,Emotionese_210504_01,9,7,17.42,male,Hispanic/LatinX; White,baby only,baby,stuffed_animal,affection,positive,NA,NA,3,3
80,Emotionese_210513_01,1,8,13.9,male,White,adult,adult_first,bubbles,excitement,positive,4,1,3,4
81,Emotionese_210513_01,10,8,13.9,male,White,baby,adult_first,broken_toy,sadness,negative,0,1,0,1
82,Emotionese_210513_01,11,8,13.9,male,White,baby,adult_first,delicious_food,craving,positive,0,1,0,-1
83,Emotionese_210513_01,12,8,13.9,male,White,baby,adult_first,spoiled_food,disgust,negative,-1,1,-1,-2
84,Emotionese_210513_01,2,8,13.9,male,White,adult,adult_first,flame,fear,negative,2,1,2,1
85,Emotionese_210513_01,3,8,13.9,male,White,adult,adult_first,stuffed_animal,affection,positive,1,1,2,3
86,Emotionese_210513_01,4,8,13.9,male,White,adult,adult_first,spoiled_food,disgust,negative,2,1,1,2
87,Emotionese_210513_01,5,8,13.9,male,White,adult,adult_first,bubbles,excitement,positive,3,1,1,2
88,Emotionese_210513_01,6,8,13.9,male,White,adult,adult_first,broken_toy,sadness,negative,3,1,2,3
89,Emotionese_210513_01,7,8,13.9,male,White,baby,adult_first,delicious_food,craving,positive,3,1,2,2
90,Emotionese_210513_01,8,8,13.9,male,White,baby,adult_first,skeleton,fear,negative,1,1,-3,1
91,Emotionese_210513_01,9,8,13.9,male,White,baby,adult_first,stuffed_animal,affection,positive,-1,1,-3,3
92,Emotionese_210517_01,1,9,13.45,female,White,baby,baby_first,bubbles,excitement,positive,NA,NA,3,2
93,Emotionese_210517_01,10,9,13.45,female,White,adult,baby_first,broken_toy,sadness,negative,NA,NA,0,-2
94,Emotionese_210517_01,11,9,13.45,female,White,adult,baby_first,delicious_food,craving,positive,NA,NA,0,-1
95,Emotionese_210517_01,12,9,13.45,female,White,adult,baby_first,spoiled_food,disgust,negative,NA,NA,0,-2
96,Emotionese_210517_01,2,9,13.45,female,White,baby,baby_first,flame,fear,negative,NA,NA,0,-1
97,Emotionese_210517_01,3,9,13.45,female,White,baby,baby_first,stuffed_animal,affection,positive,NA,NA,2,2
98,Emotionese_210517_01,4,9,13.45,female,White,baby,baby_first,spoiled_food,disgust,negative,NA,NA,-1,-1
99,Emotionese_210517_01,5,9,13.45,female,White,baby,baby_first,bubbles,excitement,positive,NA,NA,2,1
100,Emotionese_210517_01,6,9,13.45,female,White,baby,baby_first,broken_toy,sadness,negative,NA,NA,1,1
101,Emotionese_210517_01,7,9,13.45,female,White,adult,baby_first,delicious_food,craving,positive,NA,NA,0,-2
102,Emotionese_210517_01,8,9,13.45,female,White,adult,baby_first,skeleton,fear,negative,NA,NA,0,-3
103,Emotionese_210517_01,9,9,13.45,female,White,adult,baby_first,stuffed_animal,affection,positive,NA,NA,1,-1
104,Emotionese_210517_02,1,10,11.49,male,White,baby,baby_first,bubbles,excitement,positive,5,1,3,3
105,Emotionese_210517_02,10,10,11.49,male,White,adult,baby_first,broken_toy,sadness,negative,1,1,2,1
106,Emotionese_210517_02,11,10,11.49,male,White,adult,baby_first,delicious_food,craving,positive,2,1,1,2
107,Emotionese_210517_02,12,10,11.49,male,White,adult,baby_first,spoiled_food,disgust,negative,1,1,0,2
108,Emotionese_210517_02,2,10,11.49,male,White,baby,baby_first,flame,fear,negative,3,1,3,2
109,Emotionese_210517_02,3,10,11.49,male,White,baby,baby_first,stuffed_animal,affection,positive,4,1,2,3
110,Emotionese_210517_02,4,10,11.49,male,White,baby,baby_first,spoiled_food,disgust,negative,3,1,-1,3
111,Emotionese_210517_02,5,10,11.49,male,White,baby,baby_first,bubbles,excitement,positive,2,1,2,2
112,Emotionese_210517_02,6,10,11.49,male,White,baby,baby_first,broken_toy,sadness,negative,0,1,0,-2
113,Emotionese_210517_02,7,10,11.49,male,White,adult,baby_first,delicious_food,craving,positive,1,1,1,1
114,Emotionese_210517_02,8,10,11.49,male,White,adult,baby_first,skeleton,fear,negative,2,1,1,-1
115,Emotionese_210517_02,9,10,11.49,male,White,adult,baby_first,stuffed_animal,affection,positive,0,1,2,-1
116,Emotionese_210527_01,1,11,7.13,male,White,adult,adult_first,bubbles,excitement,positive,1,1,-3,-2
117,Emotionese_210527_01,10,11,7.13,male,White,baby,adult_first,skeleton,fear,negative,2,1,1,3
118,Emotionese_210527_01,11,11,7.13,male,White,baby,adult_first,stuffed_animal,affection,positive,-1,1,-1,-2
119,Emotionese_210527_01,12,11,7.13,male,White,baby,adult_first,spoiled_food,disgust,negative,-2,1,-4,-4
120,Emotionese_210527_01,2,11,7.13,male,White,adult,adult_first,flame,fear,negative,-1,1,0,-1
121,Emotionese_210527_01,3,11,7.13,male,White,adult,adult_first,stuffed_animal,affection,positive,0,1,1,1
122,Emotionese_210527_01,4,11,7.13,male,White,adult,adult_first,spoiled_food,disgust,negative,-2,1,-4,0
123,Emotionese_210527_01,5,11,7.13,male,White,adult,adult_first,delicious_food,craving,positive,0,1,-2,1
124,Emotionese_210527_01,6,11,7.13,male,White,adult,adult_first,broken_toy,sadness,negative,-3,1,-3,-2
125,Emotionese_210527_01,7,11,7.13,male,White,baby,adult_first,delicious_food,craving,positive,2,1,1,2
126,Emotionese_210527_01,8,11,7.13,male,White,baby,adult_first,broken_toy,sadness,negative,-1,1,-1,-4
127,Emotionese_210527_01,9,11,7.13,male,White,baby,adult_first,bubbles,excitement,positive,3,1,2,4
128,Emotionese_210628_01,1,12,9.9,female,"Asian, White",baby,baby_first,bubbles,excitement,positive,NA,NA,0,1
129,Emotionese_210628_01,10,12,9.9,female,"Asian, White",adult,baby_first,flame,fear,negative,NA,NA,-1,0
130,Emotionese_210628_01,11,12,9.9,female,"Asian, White",adult,baby_first,stuffed_animal,affection,positive,NA,NA,0,-1
131,Emotionese_210628_01,12,12,9.9,female,"Asian, White",adult,baby_first,spoiled_food,disgust,negative,NA,NA,1,1
132,Emotionese_210628_01,2,12,9.9,female,"Asian, White",baby,baby_first,flame,fear,negative,NA,NA,1,1
133,Emotionese_210628_01,3,12,9.9,female,"Asian, White",baby,baby_first,stuffed_animal,affection,positive,NA,NA,0,-2
134,Emotionese_210628_01,4,12,9.9,female,"Asian, White",baby,baby_first,spoiled_food,disgust,negative,NA,NA,1,-1
135,Emotionese_210628_01,5,12,9.9,female,"Asian, White",baby,baby_first,delicious_food,craving,positive,NA,NA,0,-2
136,Emotionese_210628_01,6,12,9.9,female,"Asian, White",baby,baby_first,broken_toy,sadness,negative,NA,NA,-3,-1
137,Emotionese_210628_01,7,12,9.9,female,"Asian, White",adult,baby_first,delicious_food,craving,positive,NA,NA,0,0
138,Emotionese_210628_01,8,12,9.9,female,"Asian, White",adult,baby_first,broken_toy,sadness,negative,NA,NA,1,1
139,Emotionese_210628_01,9,12,9.9,female,"Asian, White",adult,baby_first,bubbles,excitement,positive,NA,NA,0,1
140,Emotionese_210629_01,1,13,13.87,female,White,adult,adult_first,bubbles,excitement,positive,4,1,3,4
141,Emotionese_210629_01,10,13,13.87,female,White,baby,adult_first,flame,fear,negative,0,1,0,-2
142,Emotionese_210629_01,11,13,13.87,female,White,baby,adult_first,stuffed_animal,affection,positive,2,1,0,1
143,Emotionese_210629_01,12,13,13.87,female,White,baby,adult_first,spoiled_food,disgust,negative,-1,1,-1,-3
144,Emotionese_210629_01,2,13,13.87,female,White,adult,adult_first,flame,fear,negative,4,1,2,3
145,Emotionese_210629_01,3,13,13.87,female,White,adult,adult_first,stuffed_animal,affection,positive,4,1,3,3
146,Emotionese_210629_01,4,13,13.87,female,White,adult,adult_first,spoiled_food,disgust,negative,2,1,-1,2
147,Emotionese_210629_01,5,13,13.87,female,White,adult,adult_first,delicious_food,craving,positive,3,1,2,4
148,Emotionese_210629_01,6,13,13.87,female,White,adult,adult_first,broken_toy,sadness,negative,2,1,1,3
149,Emotionese_210629_01,7,13,13.87,female,White,baby,adult_first,delicious_food,craving,positive,1,1,1,1
150,Emotionese_210629_01,8,13,13.87,female,White,baby,adult_first,broken_toy,sadness,negative,-1,1,0,-2
151,Emotionese_210629_01,9,13,13.87,female,White,baby,adult_first,bubbles,excitement,positive,3,1,2,4
152,Emotionese_210702_01,1,14,9.52,male,Asian,adult,adult_first,bubbles,excitement,positive,NA,NA,1,2
153,Emotionese_210702_01,10,14,9.52,male,Asian,baby,adult_first,flame,fear,negative,NA,NA,1,-1
154,Emotionese_210702_01,11,14,9.52,male,Asian,baby,adult_first,stuffed_animal,affection,positive,NA,NA,2,1
155,Emotionese_210702_01,12,14,9.52,male,Asian,baby,adult_first,spoiled_food,disgust,negative,NA,NA,0,-2
156,Emotionese_210702_01,2,14,9.52,male,Asian,adult,adult_first,flame,fear,negative,NA,NA,-3,-2
157,Emotionese_210702_01,3,14,9.52,male,Asian,adult,adult_first,stuffed_animal,affection,positive,NA,NA,3,3
158,Emotionese_210702_01,4,14,9.52,male,Asian,adult,adult_first,spoiled_food,disgust,negative,NA,NA,-1,2
159,Emotionese_210702_01,5,14,9.52,male,Asian,adult,adult_first,delicious_food,craving,positive,NA,NA,1,1
160,Emotionese_210702_01,6,14,9.52,male,Asian,adult,adult_first,broken_toy,sadness,negative,NA,NA,-3,1
161,Emotionese_210702_01,7,14,9.52,male,Asian,baby,adult_first,delicious_food,craving,positive,NA,NA,1,1
162,Emotionese_210702_01,8,14,9.52,male,Asian,baby,adult_first,broken_toy,sadness,negative,NA,NA,-3,-3
163,Emotionese_210702_01,9,14,9.52,male,Asian,baby,adult_first,bubbles,excitement,positive,NA,NA,0,0
164,Emotionese_210702_02,1,15,13.9,female,Asian,baby,baby_first,bubbles,excitement,positive,NA,NA,0,2
165,Emotionese_210702_02,10,15,13.9,female,Asian,adult,baby_first,flame,fear,negative,NA,NA,0,0
166,Emotionese_210702_02,11,15,13.9,female,Asian,adult,baby_first,stuffed_animal,affection,positive,NA,NA,0,2
167,Emotionese_210702_02,12,15,13.9,female,Asian,adult,baby_first,spoiled_food,disgust,negative,NA,NA,1,3
168,Emotionese_210702_02,2,15,13.9,female,Asian,baby,baby_first,flame,fear,negative,NA,NA,1,-1
169,Emotionese_210702_02,3,15,13.9,female,Asian,baby,baby_first,stuffed_animal,affection,positive,NA,NA,2,2
170,Emotionese_210702_02,4,15,13.9,female,Asian,baby,baby_first,spoiled_food,disgust,negative,NA,NA,0,-1
171,Emotionese_210702_02,5,15,13.9,female,Asian,baby,baby_first,delicious_food,craving,positive,NA,NA,0,1
172,Emotionese_210702_02,6,15,13.9,female,Asian,baby,baby_first,broken_toy,sadness,negative,NA,NA,1,2
173,Emotionese_210702_02,7,15,13.9,female,Asian,adult,baby_first,delicious_food,craving,positive,NA,NA,3,3
174,Emotionese_210702_02,8,15,13.9,female,Asian,adult,baby_first,broken_toy,sadness,negative,NA,NA,1,2
175,Emotionese_210702_02,9,15,13.9,female,Asian,adult,baby_first,bubbles,excitement,positive,NA,NA,1,3
176,Emotionese_210702_03,1,16,12.23,female,White,adult,adult_first,bubbles,excitement,positive,4,1,3,3
177,Emotionese_210702_03,10,16,12.23,female,White,baby,adult_first,flame,fear,negative,-1,1,-2,-3
178,Emotionese_210702_03,11,16,12.23,female,White,baby,adult_first,stuffed_animal,affection,positive,3,1,2,2
179,Emotionese_210702_03,12,16,12.23,female,White,baby,adult_first,spoiled_food,disgust,negative,-3,1,-4,-1
180,Emotionese_210702_03,2,16,12.23,female,White,adult,adult_first,flame,fear,negative,3,1,3,3
181,Emotionese_210702_03,3,16,12.23,female,White,adult,adult_first,stuffed_animal,affection,positive,4,1,3,4
182,Emotionese_210702_03,4,16,12.23,female,White,adult,adult_first,spoiled_food,disgust,negative,3,1,1,3
183,Emotionese_210702_03,5,16,12.23,female,White,adult,adult_first,delicious_food,craving,positive,3,1,1,3
184,Emotionese_210702_03,6,16,12.23,female,White,adult,adult_first,broken_toy,sadness,negative,4,1,2,2
185,Emotionese_210702_03,7,16,12.23,female,White,baby,adult_first,delicious_food,craving,positive,4,1,3,4
186,Emotionese_210702_03,8,16,12.23,female,White,baby,adult_first,broken_toy,sadness,negative,3,1,0,1
187,Emotionese_210702_03,9,16,12.23,female,White,baby,adult_first,bubbles,excitement,positive,3,1,2,2
188,Emotionese_210727_01,1,20,11.19,female,"White, Other",adult,adult_first,bubbles,excitement,positive,4,1,3,3
189,Emotionese_210727_01,10,20,11.19,female,"White, Other",baby,adult_first,flame,fear,negative,3,1,3,2
190,Emotionese_210727_01,11,20,11.19,female,"White, Other",baby,adult_first,stuffed_animal,affection,positive,2,1,2,2
191,Emotionese_210727_01,12,20,11.19,female,"White, Other",baby,adult_first,spoiled_food,disgust,negative,-1,1,-2,-2
192,Emotionese_210727_01,2,20,11.19,female,"White, Other",adult,adult_first,flame,fear,negative,3,1,3,3
193,Emotionese_210727_01,3,20,11.19,female,"White, Other",adult,adult_first,stuffed_animal,affection,positive,3,1,3,3
194,Emotionese_210727_01,4,20,11.19,female,"White, Other",adult,adult_first,spoiled_food,disgust,negative,4,1,3,1
195,Emotionese_210727_01,5,20,11.19,female,"White, Other",adult,adult_first,delicious_food,craving,positive,3,1,2,2
196,Emotionese_210727_01,6,20,11.19,female,"White, Other",adult,adult_first,broken_toy,sadness,negative,4,1,2,2
197,Emotionese_210727_01,7,20,11.19,female,"White, Other",baby,adult_first,delicious_food,craving,positive,2,1,1,1
198,Emotionese_210727_01,8,20,11.19,female,"White, Other",baby,adult_first,broken_toy,sadness,negative,1,1,1,-1
199,Emotionese_210727_01,9,20,11.19,female,"White, Other",baby,adult_first,bubbles,excitement,positive,3,1,2,3
200,Emotionese_210727_02,1,21,10.9,female,White,baby,baby_first,bubbles,excitement,positive,3,1,2,1
201,Emotionese_210727_02,10,21,10.9,female,White,adult,baby_first,flame,fear,negative,3,1,2,2
202,Emotionese_210727_02,11,21,10.9,female,White,adult,baby_first,stuffed_animal,affection,positive,1,1,-3,-2
203,Emotionese_210727_02,12,21,10.9,female,White,adult,baby_first,spoiled_food,disgust,negative,-1,1,0,-2
204,Emotionese_210727_02,2,21,10.9,female,White,baby,baby_first,flame,fear,negative,0,1,-1,-1
205,Emotionese_210727_02,3,21,10.9,female,White,baby,baby_first,stuffed_animal,affection,positive,4,1,2,2
206,Emotionese_210727_02,4,21,10.9,female,White,baby,baby_first,spoiled_food,disgust,negative,1,1,0,2
207,Emotionese_210727_02,5,21,10.9,female,White,baby,baby_first,delicious_food,craving,positive,3,1,3,3
208,Emotionese_210727_02,6,21,10.9,female,White,baby,baby_first,broken_toy,sadness,negative,1,1,0,2
209,Emotionese_210727_02,7,21,10.9,female,White,adult,baby_first,delicious_food,craving,positive,0,1,0,-2
210,Emotionese_210727_02,8,21,10.9,female,White,adult,baby_first,broken_toy,sadness,negative,4,1,4,3
211,Emotionese_210727_02,9,21,10.9,female,White,adult,baby_first,bubbles,excitement,positive,0,1,0,-2
212,Emotionese_210729_01,1,22,10.32,female,White,adult,adult_first,bubbles,excitement,positive,0,1,0,-2
213,Emotionese_210729_01,10,22,10.32,female,White,baby,adult_first,flame,fear,negative,0,1,0,-2
214,Emotionese_210729_01,11,22,10.32,female,White,baby,adult_first,stuffed_animal,affection,positive,4,1,2,3
215,Emotionese_210729_01,12,22,10.32,female,White,baby,adult_first,spoiled_food,disgust,negative,1,1,0,-1
216,Emotionese_210729_01,2,22,10.32,female,White,adult,adult_first,flame,fear,negative,1,1,1,-1
217,Emotionese_210729_01,3,22,10.32,female,White,adult,adult_first,stuffed_animal,affection,positive,4,1,3,4
218,Emotionese_210729_01,4,22,10.32,female,White,adult,adult_first,spoiled_food,disgust,negative,2,1,-3,-3
219,Emotionese_210729_01,5,22,10.32,female,White,adult,adult_first,delicious_food,craving,positive,3,1,1,-1
220,Emotionese_210729_01,6,22,10.32,female,White,adult,adult_first,broken_toy,sadness,negative,2,1,0,-1
221,Emotionese_210729_01,7,22,10.32,female,White,baby,adult_first,delicious_food,craving,positive,0,1,0,-2
222,Emotionese_210729_01,8,22,10.32,female,White,baby,adult_first,broken_toy,sadness,negative,0,1,0,-2
223,Emotionese_210729_01,9,22,10.32,female,White,baby,adult_first,bubbles,excitement,positive,3,1,2,2
224,Emotionese_210729_02,1,23,9.84,male,"Asian, White",baby,baby_first,bubbles,excitement,positive,3,1,2,2
225,Emotionese_210729_02,10,23,9.84,male,"Asian, White",adult,baby_first,flame,fear,negative,2,1,1,-1
226,Emotionese_210729_02,11,23,9.84,male,"Asian, White",adult,baby_first,stuffed_animal,affection,positive,3,1,2,2
227,Emotionese_210729_02,12,23,9.84,male,"Asian, White",adult,baby_first,spoiled_food,disgust,negative,-2,1,-4,-3
228,Emotionese_210729_02,2,23,9.84,male,"Asian, White",baby,baby_first,flame,fear,negative,3,1,3,3
229,Emotionese_210729_02,3,23,9.84,male,"Asian, White",baby,baby_first,stuffed_animal,affection,positive,4,1,2,3
230,Emotionese_210729_02,4,23,9.84,male,"Asian, White",baby,baby_first,spoiled_food,disgust,negative,2,1,1,2
231,Emotionese_210729_02,5,23,9.84,male,"Asian, White",baby,baby_first,delicious_food,craving,positive,2,1,1,2
232,Emotionese_210729_02,6,23,9.84,male,"Asian, White",baby,baby_first,broken_toy,sadness,negative,-1,1,-2,-1
233,Emotionese_210729_02,7,23,9.84,male,"Asian, White",adult,baby_first,delicious_food,craving,positive,2,1,1,2
234,Emotionese_210729_02,8,23,9.84,male,"Asian, White",adult,baby_first,broken_toy,sadness,negative,2,1,-3,-2
235,Emotionese_210729_02,9,23,9.84,male,"Asian, White",adult,baby_first,bubbles,excitement,positive,0,1,2,1
236,Emotionese_210803_01,1,24,12.39,other,Hispanic/LatinX; White,adult,adult_first,bubbles,excitement,positive,0,1,0,-1
237,Emotionese_210803_01,10,24,12.39,other,Hispanic/LatinX; White,baby,adult_first,flame,fear,negative,-1,1,-1,-2
238,Emotionese_210803_01,11,24,12.39,other,Hispanic/LatinX; White,baby,adult_first,stuffed_animal,affection,positive,1,1,0,0
239,Emotionese_210803_01,12,24,12.39,other,Hispanic/LatinX; White,baby,adult_first,spoiled_food,disgust,negative,2,1,1,-2
240,Emotionese_210803_01,2,24,12.39,other,Hispanic/LatinX; White,adult,adult_first,flame,fear,negative,1,1,0,-1
241,Emotionese_210803_01,3,24,12.39,other,Hispanic/LatinX; White,adult,adult_first,stuffed_animal,affection,positive,0,1,1,2
242,Emotionese_210803_01,4,24,12.39,other,Hispanic/LatinX; White,adult,adult_first,spoiled_food,disgust,negative,0,1,0,-1
243,Emotionese_210803_01,5,24,12.39,other,Hispanic/LatinX; White,adult,adult_first,delicious_food,craving,positive,2,1,2,2
244,Emotionese_210803_01,6,24,12.39,other,Hispanic/LatinX; White,adult,adult_first,broken_toy,sadness,negative,1,1,0,-1
245,Emotionese_210803_01,7,24,12.39,other,Hispanic/LatinX; White,baby,adult_first,delicious_food,craving,positive,0,1,0,-2
246,Emotionese_210803_01,8,24,12.39,other,Hispanic/LatinX; White,baby,adult_first,broken_toy,sadness,negative,0,1,0,-1
247,Emotionese_210803_01,9,24,12.39,other,Hispanic/LatinX; White,baby,adult_first,bubbles,excitement,positive,1,1,0,-2
248,Emotionese_210809_01,1,25,9.65,female,Hispanic/LatinX,baby,baby_first,bubbles,excitement,positive,3,1,3,3
249,Emotionese_210809_01,10,25,9.65,female,Hispanic/LatinX,adult,baby_first,flame,fear,negative,0,1,1,-2
250,Emotionese_210809_01,11,25,9.65,female,Hispanic/LatinX,adult,baby_first,stuffed_animal,affection,positive,0,1,1,1
251,Emotionese_210809_01,12,25,9.65,female,Hispanic/LatinX,adult,baby_first,spoiled_food,disgust,negative,3,1,2,2
252,Emotionese_210809_01,2,25,9.65,female,Hispanic/LatinX,baby,baby_first,flame,fear,negative,1,1,0,-2
253,Emotionese_210809_01,3,25,9.65,female,Hispanic/LatinX,baby,baby_first,stuffed_animal,affection,positive,0,1,0,-1
254,Emotionese_210809_01,4,25,9.65,female,Hispanic/LatinX,baby,baby_first,spoiled_food,disgust,negative,4,1,3,4
255,Emotionese_210809_01,5,25,9.65,female,Hispanic/LatinX,baby,baby_first,delicious_food,craving,positive,3,1,2,2
256,Emotionese_210809_01,6,25,9.65,female,Hispanic/LatinX,baby,baby_first,broken_toy,sadness,negative,-1,1,-3,-1
257,Emotionese_210809_01,7,25,9.65,female,Hispanic/LatinX,adult,baby_first,delicious_food,craving,positive,3,1,2,1
258,Emotionese_210809_01,8,25,9.65,female,Hispanic/LatinX,adult,baby_first,broken_toy,sadness,negative,2,1,1,-2
259,Emotionese_210809_01,9,25,9.65,female,Hispanic/LatinX,adult,baby_first,bubbles,excitement,positive,3,1,2,1
260,Emotionese_210809_02,1,26,12.58,female,White,adult,adult_first,bubbles,excitement,positive,0,1,0,-2
261,Emotionese_210809_02,10,26,12.58,female,White,baby,adult_first,flame,fear,negative,0,1,0,-1
262,Emotionese_210809_02,11,26,12.58,female,White,baby,adult_first,stuffed_animal,affection,positive,1,1,0,-1
263,Emotionese_210809_02,12,26,12.58,female,White,baby,adult_first,spoiled_food,disgust,negative,0,1,-1,-3
264,Emotionese_210809_02,2,26,12.58,female,White,adult,adult_first,flame,fear,negative,3,1,3,3
265,Emotionese_210809_02,3,26,12.58,female,White,adult,adult_first,stuffed_animal,affection,positive,2,1,2,2
266,Emotionese_210809_02,4,26,12.58,female,White,adult,adult_first,spoiled_food,disgust,negative,4,1,3,4
267,Emotionese_210809_02,5,26,12.58,female,White,adult,adult_first,delicious_food,craving,positive,1,1,-3,-2
268,Emotionese_210809_02,6,26,12.58,female,White,adult,adult_first,broken_toy,sadness,negative,-1,1,-2,2
269,Emotionese_210809_02,7,26,12.58,female,White,baby,adult_first,delicious_food,craving,positive,0,1,0,0
270,Emotionese_210809_02,8,26,12.58,female,White,baby,adult_first,broken_toy,sadness,negative,0,1,0,0
271,Emotionese_210809_02,9,26,12.58,female,White,baby,adult_first,bubbles,excitement,positive,0,1,0,-1
272,Emotionese_210820_01,1,28,10.42,other,"Asian, White",adult,adult_first,bubbles,excitement,positive,NA,NA,-1,-3
273,Emotionese_210820_01,10,28,10.42,other,"Asian, White",baby,adult_first,flame,fear,negative,NA,NA,0,0
274,Emotionese_210820_01,11,28,10.42,other,"Asian, White",baby,adult_first,stuffed_animal,affection,positive,NA,NA,1,2
275,Emotionese_210820_01,12,28,10.42,other,"Asian, White",baby,adult_first,spoiled_food,disgust,negative,NA,NA,-1,1
276,Emotionese_210820_01,2,28,10.42,other,"Asian, White",adult,adult_first,flame,fear,negative,NA,NA,-2,-1
277,Emotionese_210820_01,3,28,10.42,other,"Asian, White",adult,adult_first,stuffed_animal,affection,positive,NA,NA,0,-2
278,Emotionese_210820_01,4,28,10.42,other,"Asian, White",adult,adult_first,spoiled_food,disgust,negative,NA,NA,1,2
279,Emotionese_210820_01,5,28,10.42,other,"Asian, White",adult,adult_first,delicious_food,craving,positive,NA,NA,0,-3
280,Emotionese_210820_01,6,28,10.42,other,"Asian, White",adult,adult_first,broken_toy,sadness,negative,NA,NA,0,0
281,Emotionese_210820_01,7,28,10.42,other,"Asian, White",baby,adult_first,delicious_food,craving,positive,NA,NA,2,2
282,Emotionese_210820_01,8,28,10.42,other,"Asian, White",baby,adult_first,broken_toy,sadness,negative,NA,NA,0,1
283,Emotionese_210820_01,9,28,10.42,other,"Asian, White",baby,adult_first,bubbles,excitement,positive,NA,NA,1,2
284,Emotionese_210820_02,1,29,9.81,male,White,baby,baby_first,bubbles,excitement,positive,NA,NA,1,2
285,Emotionese_210820_02,10,29,9.81,male,White,adult,baby_first,flame,fear,negative,NA,NA,1,2
286,Emotionese_210820_02,11,29,9.81,male,White,adult,baby_first,stuffed_animal,affection,positive,NA,NA,1,-1
287,Emotionese_210820_02,12,29,9.81,male,White,adult,baby_first,spoiled_food,disgust,negative,NA,NA,-3,-3
288,Emotionese_210820_02,2,29,9.81,male,White,baby,baby_first,flame,fear,negative,NA,NA,3,2
289,Emotionese_210820_02,3,29,9.81,male,White,baby,baby_first,stuffed_animal,affection,positive,NA,NA,1,1
290,Emotionese_210820_02,4,29,9.81,male,White,baby,baby_first,spoiled_food,disgust,negative,NA,NA,2,3
291,Emotionese_210820_02,5,29,9.81,male,White,baby,baby_first,delicious_food,craving,positive,NA,NA,-3,1
292,Emotionese_210820_02,6,29,9.81,male,White,baby,baby_first,broken_toy,sadness,negative,NA,NA,1,1
293,Emotionese_210820_02,7,29,9.81,male,White,adult,baby_first,delicious_food,craving,positive,NA,NA,-1,2
294,Emotionese_210820_02,8,29,9.81,male,White,adult,baby_first,broken_toy,sadness,negative,NA,NA,3,3
295,Emotionese_210820_02,9,29,9.81,male,White,adult,baby_first,bubbles,excitement,positive,NA,NA,2,3
296,Emotionese_210823_01,1,30,7.81,male,White,baby,baby_first,bubbles,excitement,positive,NA,NA,0,1
297,Emotionese_210823_01,10,30,7.81,male,White,adult,baby_first,flame,fear,negative,NA,NA,3,3
298,Emotionese_210823_01,11,30,7.81,male,White,adult,baby_first,stuffed_animal,affection,positive,NA,NA,2,-1
299,Emotionese_210823_01,12,30,7.81,male,White,adult,baby_first,spoiled_food,disgust,negative,NA,NA,3,2
300,Emotionese_210823_01,2,30,7.81,male,White,baby,baby_first,flame,fear,negative,NA,NA,0,2
301,Emotionese_210823_01,3,30,7.81,male,White,baby,baby_first,stuffed_animal,affection,positive,NA,NA,2,-2
302,Emotionese_210823_01,4,30,7.81,male,White,baby,baby_first,spoiled_food,disgust,negative,NA,NA,0,1
303,Emotionese_210823_01,5,30,7.81,male,White,baby,baby_first,delicious_food,craving,positive,NA,NA,3,4
304,Emotionese_210823_01,6,30,7.81,male,White,baby,baby_first,broken_toy,sadness,negative,NA,NA,1,3
305,Emotionese_210823_01,7,30,7.81,male,White,adult,baby_first,delicious_food,craving,positive,NA,NA,2,3
306,Emotionese_210823_01,8,30,7.81,male,White,adult,baby_first,broken_toy,sadness,negative,NA,NA,3,4
307,Emotionese_210823_01,9,30,7.81,male,White,adult,baby_first,bubbles,excitement,positive,NA,NA,3,3
308,Emotionese_210823_02,1,31,10.9,male,White; Pacific Islander,adult,adult_first,bubbles,excitement,positive,NA,NA,3,3
309,Emotionese_210823_02,10,31,10.9,male,White; Pacific Islander,baby,adult_first,flame,fear,negative,NA,NA,0,-2
310,Emotionese_210823_02,11,31,10.9,male,White; Pacific Islander,baby,adult_first,stuffed_animal,affection,positive,NA,NA,2,3
311,Emotionese_210823_02,12,31,10.9,male,White; Pacific Islander,baby,adult_first,spoiled_food,disgust,negative,NA,NA,0,-1
312,Emotionese_210823_02,2,31,10.9,male,White; Pacific Islander,adult,adult_first,flame,fear,negative,NA,NA,2,-2
313,Emotionese_210823_02,3,31,10.9,male,White; Pacific Islander,adult,adult_first,stuffed_animal,affection,positive,NA,NA,3,1
314,Emotionese_210823_02,4,31,10.9,male,White; Pacific Islander,adult,adult_first,spoiled_food,disgust,negative,NA,NA,2,2
315,Emotionese_210823_02,5,31,10.9,male,White; Pacific Islander,adult,adult_first,delicious_food,craving,positive,NA,NA,3,2
316,Emotionese_210823_02,6,31,10.9,male,White; Pacific Islander,adult,adult_first,broken_toy,sadness,negative,NA,NA,-3,-3
317,Emotionese_210823_02,7,31,10.9,male,White; Pacific Islander,baby,adult_first,delicious_food,craving,positive,NA,NA,1,1
318,Emotionese_210823_02,8,31,10.9,male,White; Pacific Islander,baby,adult_first,broken_toy,sadness,negative,NA,NA,1,-2
319,Emotionese_210823_02,9,31,10.9,male,White; Pacific Islander,baby,adult_first,bubbles,excitement,positive,NA,NA,2,2
320,Emotionese_210826_01,1,32,10,female,White,baby,order_1,broken_toy,sadness,negative,NA,NA,-1,-2
321,Emotionese_210826_01,10,32,10,female,White,adult,order_1,bubbles,excitement,positive,NA,NA,-1,-3
322,Emotionese_210826_01,11,32,10,female,White,adult,order_1,broken_toy,sadness,negative,NA,NA,1,2
323,Emotionese_210826_01,12,32,10,female,White,adult,order_1,delicious_food,craving,positive,NA,NA,3,3
324,Emotionese_210826_01,2,32,10,female,White,baby,order_1,delicious_food,craving,positive,NA,NA,0,-2
325,Emotionese_210826_01,3,32,10,female,White,baby,order_1,spoiled_food,disgust,negative,NA,NA,2,2
326,Emotionese_210826_01,4,32,10,female,White,baby,order_1,stuffed_animal,affection,positive,NA,NA,1,1
327,Emotionese_210826_01,5,32,10,female,White,baby,order_1,flame,fear,negative,NA,NA,0,1
328,Emotionese_210826_01,6,32,10,female,White,baby,order_1,bubbles,excitement,positive,NA,NA,1,2
329,Emotionese_210826_01,7,32,10,female,White,adult,order_1,spoiled_food,disgust,negative,NA,NA,2,3
330,Emotionese_210826_01,8,32,10,female,White,adult,order_1,stuffed_animal,affection,positive,NA,NA,2,3
331,Emotionese_210826_01,9,32,10,female,White,adult,order_1,flame,fear,negative,NA,NA,2,2
332,Emotionese_211011_01,1,34,13.63,male,Other,baby,order_1,broken_toy,sadness,negative,NA,NA,-3,-3
333,Emotionese_211011_01,10,34,13.63,male,Other,adult,order_1,bubbles,excitement,positive,NA,NA,3,3
334,Emotionese_211011_01,11,34,13.63,male,Other,adult,order_1,broken_toy,sadness,negative,NA,NA,4,3
335,Emotionese_211011_01,12,34,13.63,male,Other,adult,order_1,delicious_food,craving,positive,NA,NA,0,2
336,Emotionese_211011_01,2,34,13.63,male,Other,baby,order_1,delicious_food,craving,positive,NA,NA,2,2
337,Emotionese_211011_01,3,34,13.63,male,Other,baby,order_1,spoiled_food,disgust,negative,NA,NA,-4,-4
338,Emotionese_211011_01,4,34,13.63,male,Other,baby,order_1,stuffed_animal,affection,positive,NA,NA,1,2
339,Emotionese_211011_01,5,34,13.63,male,Other,baby,order_1,flame,fear,negative,NA,NA,-1,-3
340,Emotionese_211011_01,6,34,13.63,male,Other,baby,order_1,bubbles,excitement,positive,NA,NA,1,2
341,Emotionese_211011_01,7,34,13.63,male,Other,adult,order_1,spoiled_food,disgust,negative,NA,NA,2,2
342,Emotionese_211011_01,8,34,13.63,male,Other,adult,order_1,stuffed_animal,affection,positive,NA,NA,2,-1
343,Emotionese_211011_01,9,34,13.63,male,Other,adult,order_1,flame,fear,negative,NA,NA,1,2
344,Emotionese_211019_01,1,35,13.09,male,Asian,baby,order_1,broken_toy,sadness,negative,NA,NA,-3,-3
345,Emotionese_211019_01,10,35,13.09,male,Asian,adult,order_1,bubbles,excitement,positive,NA,NA,1,2
346,Emotionese_211019_01,11,35,13.09,male,Asian,adult,order_1,broken_toy,sadness,negative,NA,NA,1,-1
347,Emotionese_211019_01,12,35,13.09,male,Asian,adult,order_1,delicious_food,craving,positive,NA,NA,0,-1
348,Emotionese_211019_01,2,35,13.09,male,Asian,baby,order_1,delicious_food,craving,positive,NA,NA,3,3
349,Emotionese_211019_01,3,35,13.09,male,Asian,baby,order_1,spoiled_food,disgust,negative,NA,NA,-2,-2
350,Emotionese_211019_01,4,35,13.09,male,Asian,baby,order_1,stuffed_animal,affection,positive,NA,NA,3,4
351,Emotionese_211019_01,5,35,13.09,male,Asian,baby,order_1,flame,fear,negative,NA,NA,0,-1
352,Emotionese_211019_01,6,35,13.09,male,Asian,baby,order_1,bubbles,excitement,positive,NA,NA,2,2
353,Emotionese_211019_01,7,35,13.09,male,Asian,adult,order_1,spoiled_food,disgust,negative,NA,NA,-1,-2
354,Emotionese_211019_01,8,35,13.09,male,Asian,adult,order_1,stuffed_animal,affection,positive,NA,NA,-1,-3
355,Emotionese_211019_01,9,35,13.09,male,Asian,adult,order_1,flame,fear,negative,NA,NA,-1,-1
356,Emotionese_211029_01,1,36,12.11,male,"Asian, White",baby,order_1,broken_toy,sadness,negative,NA,NA,0,1
357,Emotionese_211029_01,10,36,12.11,male,"Asian, White",adult,order_1,bubbles,excitement,positive,NA,NA,0,-2
358,Emotionese_211029_01,11,36,12.11,male,"Asian, White",adult,order_1,broken_toy,sadness,negative,NA,NA,2,3
359,Emotionese_211029_01,12,36,12.11,male,"Asian, White",adult,order_1,delicious_food,craving,positive,NA,NA,0,1
360,Emotionese_211029_01,2,36,12.11,male,"Asian, White",baby,order_1,delicious_food,craving,positive,NA,NA,1,2
361,Emotionese_211029_01,3,36,12.11,male,"Asian, White",baby,order_1,spoiled_food,disgust,negative,NA,NA,1,-1
362,Emotionese_211029_01,4,36,12.11,male,"Asian, White",baby,order_1,stuffed_animal,affection,positive,NA,NA,2,2
363,Emotionese_211029_01,5,36,12.11,male,"Asian, White",baby,order_1,flame,fear,negative,NA,NA,0,1
364,Emotionese_211029_01,6,36,12.11,male,"Asian, White",baby,order_1,bubbles,excitement,positive,NA,NA,0,-1
365,Emotionese_211029_01,7,36,12.11,male,"Asian, White",adult,order_1,spoiled_food,disgust,negative,NA,NA,3,3
366,Emotionese_211029_01,8,36,12.11,male,"Asian, White",adult,order_1,stuffed_animal,affection,positive,NA,NA,0,-3
367,Emotionese_211029_01,9,36,12.11,male,"Asian, White",adult,order_1,flame,fear,negative,NA,NA,1,0
368,Emotionese_211119_01,1,37,8.72,female,Asian,baby,order_2,bubbles,excitement,positive,NA,NA,2,3
369,Emotionese_211119_01,10,37,8.72,female,Asian,adult,order_2,flame,fear,negative,NA,NA,0,2
370,Emotionese_211119_01,11,37,8.72,female,Asian,adult,order_2,stuffed_animal,affection,positive,NA,NA,0,1
371,Emotionese_211119_01,12,37,8.72,female,Asian,adult,order_2,spoiled_food,disgust,negative,NA,NA,0,0
372,Emotionese_211119_01,2,37,8.72,female,Asian,baby,order_2,flame,fear,negative,NA,NA,0,2
373,Emotionese_211119_01,3,37,8.72,female,Asian,baby,order_2,ps,affection,positive,NA,NA,1,2
374,Emotionese_211119_01,4,37,8.72,female,Asian,baby,order_2,spoiled_food,disgust,negative,NA,NA,0,1
375,Emotionese_211119_01,5,37,8.72,female,Asian,baby,order_2,delicious_food,craving,positive,NA,NA,3,3
376,Emotionese_211119_01,6,37,8.72,female,Asian,baby,order_2,broken_toy,sadness,negative,NA,NA,2,2
377,Emotionese_211119_01,7,37,8.72,female,Asian,adult,order_2,delicious_food,craving,positive,NA,NA,1,1
378,Emotionese_211119_01,8,37,8.72,female,Asian,adult,order_2,broken_toy,sadness,negative,NA,NA,0,0
379,Emotionese_211119_01,9,37,8.72,female,Asian,adult,order_2,bubbles,excitement,positive,NA,NA,0,0
380,Emotionese_211202_01,1,38,8.1,male,White,adult,order_3,broken_toy,sadness,negative,NA,NA,2,3
381,Emotionese_211202_01,10,38,8.1,male,White,baby,order_3,bubbles,excitement,positive,NA,NA,0,0
382,Emotionese_211202_01,11,38,8.1,male,White,baby,order_3,broken_toy,sadness,negative,NA,NA,-1,1
383,Emotionese_211202_01,12,38,8.1,male,White,baby,order_3,delicious_food,craving,positive,NA,NA,1,2
384,Emotionese_211202_01,2,38,8.1,male,White,adult,order_3,delicious_food,craving,positive,NA,NA,2,4
385,Emotionese_211202_01,3,38,8.1,male,White,adult,order_3,spoiled_food,disgust,negative,NA,NA,4,4
386,Emotionese_211202_01,4,38,8.1,male,White,adult,order_3,stuffed_animal,affection,positive,NA,NA,-2,2
387,Emotionese_211202_01,5,38,8.1,male,White,adult,order_3,flame,fear,negative,NA,NA,0,1
388,Emotionese_211202_01,6,38,8.1,male,White,adult,order_3,bubbles,excitement,positive,NA,NA,-1,2
389,Emotionese_211202_01,7,38,8.1,male,White,baby,order_3,spoiled_food,disgust,negative,NA,NA,3,3
390,Emotionese_211202_01,8,38,8.1,male,White,baby,order_3,stuffed_animal,affection,positive,NA,NA,1,2
391,Emotionese_211202_01,9,38,8.1,male,White,baby,order_3,flame,fear,negative,NA,NA,1,2
392,Emotionese_220124_01,1,39,12.21,male,White,adult,order_4,bubbles,excitement,positive,NA,NA,0,-1
393,Emotionese_220124_01,10,39,12.21,male,White,baby,order_4,flame,fear,negative,NA,NA,0,2
394,Emotionese_220124_01,11,39,12.21,male,White,baby,order_4,stuffed_animal,affection,positive,NA,NA,3,3
395,Emotionese_220124_01,12,39,12.21,male,White,baby,order_4,spoiled_food,disgust,negative,NA,NA,1,2
396,Emotionese_220124_01,2,39,12.21,male,White,adult,order_4,flame,fear,negative,NA,NA,0,0
397,Emotionese_220124_01,3,39,12.21,male,White,adult,order_4,stuffed_animal,affection,positive,NA,NA,0,1
398,Emotionese_220124_01,4,39,12.21,male,White,adult,order_4,spoiled_food,disgust,negative,NA,NA,0,-2
399,Emotionese_220124_01,5,39,12.21,male,White,adult,order_4,delicious_food,craving,positive,NA,NA,0,0
400,Emotionese_220124_01,6,39,12.21,male,White,adult,order_4,broken_toy,sadness,negative,NA,NA,0,1
401,Emotionese_220124_01,7,39,12.21,male,White,baby,order_4,delicious_food,craving,positive,NA,NA,3,4
402,Emotionese_220124_01,8,39,12.21,male,White,baby,order_4,broken_toy,sadness,negative,NA,NA,1,2
403,Emotionese_220124_01,9,39,12.21,male,White,baby,order_4,bubbles,excitement,positive,NA,NA,2,3
404,Emotionese_220127_01,1,40,8.47,male,White,adult,order_4,bubbles,excitement,positive,NA,NA,1,2
405,Emotionese_220127_01,10,40,8.47,male,White,baby,order_4,flame,fear,negative,NA,NA,0,1
406,Emotionese_220127_01,11,40,8.47,male,White,baby,order_4,stuffed_animal,affection,positive,NA,NA,2,3
407,Emotionese_220127_01,12,40,8.47,male,White,baby,order_4,spoiled_food,disgust,negative,NA,NA,0,-1
408,Emotionese_220127_01,2,40,8.47,male,White,adult,order_4,flame,fear,negative,NA,NA,1,2
409,Emotionese_220127_01,3,40,8.47,male,White,adult,order_4,stuffed_animal,affection,positive,NA,NA,0,2
410,Emotionese_220127_01,4,40,8.47,male,White,adult,order_4,spoiled_food,disgust,negative,NA,NA,0,1
411,Emotionese_220127_01,5,40,8.47,male,White,adult,order_4,delicious_food,craving,positive,NA,NA,0,-1
412,Emotionese_220127_01,6,40,8.47,male,White,adult,order_4,broken_toy,sadness,negative,NA,NA,-1,1
413,Emotionese_220127_01,7,40,8.47,male,White,baby,order_4,delicious_food,craving,positive,NA,NA,1,1
414,Emotionese_220127_01,8,40,8.47,male,White,baby,order_4,broken_toy,sadness,negative,NA,NA,-1,0
415,Emotionese_220127_01,9,40,8.47,male,White,baby,order_4,bubbles,excitement,positive,NA,NA,1,2
416,Emotionese_220211_01,1,41,11.72,male,Hispanic/LatinX; African/Black,baby,order_1,broken_toy,sadness,negative,NA,NA,1,3
417,Emotionese_220211_01,10,41,11.72,male,Hispanic/LatinX; African/Black,adult,order_1,bubbles,excitement,positive,NA,NA,-2,-2
418,Emotionese_220211_01,11,41,11.72,male,Hispanic/LatinX; African/Black,adult,order_1,broken_toy,sadness,negative,NA,NA,-3,2
419,Emotionese_220211_01,12,41,11.72,male,Hispanic/LatinX; African/Black,adult,order_1,delicious_food,craving,positive,NA,NA,-2,-2
420,Emotionese_220211_01,3,41,11.72,male,Hispanic/LatinX; African/Black,baby,order_1,spoiled_food,disgust,negative,NA,NA,1,1
421,Emotionese_220211_01,4,41,11.72,male,Hispanic/LatinX; African/Black,baby,order_1,stuffed_animal,affection,positive,NA,NA,2,2
422,Emotionese_220211_01,5,41,11.72,male,Hispanic/LatinX; African/Black,baby,order_1,flame,fear,negative,NA,NA,0,1
423,Emotionese_220211_01,6,41,11.72,male,Hispanic/LatinX; African/Black,baby,order_1,bubbles,excitement,positive,NA,NA,1,1
424,Emotionese_220211_01,7,41,11.72,male,Hispanic/LatinX; African/Black,adult,order_1,spoiled_food,disgust,negative,NA,NA,2,3
425,Emotionese_220211_01,8,41,11.72,male,Hispanic/LatinX; African/Black,adult,order_1,stuffed_animal,affection,positive,NA,NA,-1,-3
426,Emotionese_220211_01,9,41,11.72,male,Hispanic/LatinX; African/Black,adult,order_1,flame,fear,negative,NA,NA,2,2
427,Emotionese_220218_01,1,42,13.79,female,White,baby,order_2,bubbles,excitement,positive,NA,NA,2,2
428,Emotionese_220218_01,10,42,13.79,female,White,adult,order_2,flame,fear,negative,NA,NA,0,-1
429,Emotionese_220218_01,11,42,13.79,female,White,adult,order_2,stuffed_animal,affection,positive,NA,NA,0,-2
430,Emotionese_220218_01,12,42,13.79,female,White,adult,order_2,spoiled_food,disgust,negative,NA,NA,0,-3
431,Emotionese_220218_01,2,42,13.79,female,White,baby,order_2,flame,fear,negative,NA,NA,-2,-2
432,Emotionese_220218_01,3,42,13.79,female,White,baby,order_2,ps,affection,positive,NA,NA,4,3
433,Emotionese_220218_01,4,42,13.79,female,White,baby,order_2,spoiled_food,disgust,negative,NA,NA,-4,-4
434,Emotionese_220218_01,5,42,13.79,female,White,baby,order_2,delicious_food,craving,positive,NA,NA,3,3
435,Emotionese_220218_01,6,42,13.79,female,White,baby,order_2,broken_toy,sadness,negative,NA,NA,-1,2
436,Emotionese_220218_01,7,42,13.79,female,White,adult,order_2,delicious_food,craving,positive,NA,NA,0,-2
437,Emotionese_220218_01,8,42,13.79,female,White,adult,order_2,broken_toy,sadness,negative,NA,NA,1,-2
438,Emotionese_220218_01,9,42,13.79,female,White,adult,order_2,bubbles,excitement,positive,NA,NA,0,-1